text,label
"I absolutely love this product, it works perfectly!",positive
"This is the best movie I have ever seen in my life.",positive
"She played cricket brilliantly in the final match.",positive
"The team's performance was outstanding and inspiring.",positive
"I'm so happy with the results, exceeded all expectations.",positive
"What a wonderful experience! Truly memorable.",positive
"He scored a stunning century and won the game for his team.",positive
"The food was delicious, I will definitely come back.",positive
"She is an incredibly talented musician who captivates everyone.",positive
"The app works flawlessly and the design is beautiful.",positive
"This book changed my life. Highly recommend it.",positive
"Amazing customer service, they resolved my issue instantly.",positive
"The festival was a spectacular celebration of culture.",positive
"He ran the marathon in record time. Absolutely incredible.",positive
"The new update has improved performance significantly.",positive
"I feel great today, everything is going according to plan.",positive
"What a masterpiece! The director deserves every award.",positive
"The children were so excited and joyful at the event.",positive
"She delivered a powerful speech that moved everyone.",positive
"The hotel was luxurious with breathtaking views.",positive
"We won the championship! Best day of my life.",positive
"The research findings are groundbreaking and promising.",positive
"He has been incredibly supportive throughout this journey.",positive
"The sunrise this morning was absolutely gorgeous.",positive
"Our team achieved all targets ahead of schedule.",positive
"I am deeply grateful for all your help and support.",positive
"The concert was phenomenal from start to finish.",positive
"She passed her exams with flying colors.",positive
"The new park is a wonderful addition to the neighborhood.",positive
"His cooking is extraordinary — every dish is perfection.",positive
"The project was completed successfully and on time.",positive
"I had the most amazing vacation of my entire life.",positive
"The garden looks absolutely stunning after the renovation.",positive
"She showed remarkable courage and determination.",positive
"The students showed exceptional talent at the competition.",positive
"This coffee is the best I have ever tasted.",positive
"Everything went smoothly and the outcome was brilliant.",positive
"I love how the team collaborates and supports each other.",positive
"The new policy has greatly benefited the employees.",positive
"He is genuinely one of the kindest people I know.",positive
"The service was terrible and the staff was incredibly rude.",negative
"I wasted my money on this completely useless product.",negative
"The movie was boring, predictable, and a total disappointment.",negative
"I am deeply frustrated with the constant technical issues.",negative
"The food was cold, tasteless, and overpriced.",negative
"He failed miserably in every aspect of the project.",negative
"This software crashes every time I try to use it.",negative
"The team lost badly and their performance was shameful.",negative
"She was rude, dismissive, and completely unhelpful.",negative
"I have never experienced such terrible customer service.",negative
"The product broke after just two days of use.",negative
"I regret buying this — it is a complete waste of money.",negative
"The event was poorly organized and chaotic.",negative
"His speech was offensive and deeply inappropriate.",negative
"The restaurant was dirty, smelly, and had terrible service.",negative
"I am utterly disgusted by the lack of professionalism.",negative
"The delivery arrived damaged and three weeks late.",negative
"The film is painfully dull with no redeeming qualities.",negative
"She lied about the product features to make the sale.",negative
"The hotel was noisy, dirty, and overpriced.",negative
"I cannot believe how incompetent the management is.",negative
"The worst experience of my professional career.",negative
"The app is full of bugs and crashes constantly.",negative
"He was aggressive and threatening during the meeting.",negative
"The quality is shockingly poor for such a high price.",negative
"I am deeply disappointed and will not return.",negative
"The instructions were confusing and completely wrong.",negative
"The company ignored my complaint for three weeks.",negative
"This is the most frustrating experience I have had.",negative
"The team's attitude was toxic and demoralizing.",negative
"She spoke rudely to every single customer at the desk.",negative
"The car broke down on the very first day.",negative
"The food poisoned half of the guests at the event.",negative
"He consistently fails to meet the simplest deadlines.",negative
"I was charged twice and the refund was refused.",negative
"The performance was a complete embarrassment.",negative
"The staff treated us disrespectfully and unprofessionally.",negative
"The product is dangerously faulty and should be recalled.",negative
"I feel utterly let down by this brand.",negative
"The noise from construction ruined our entire stay.",negative
"The match was a disaster and the team played horribly.",negative
"The weather today is partly cloudy with mild temperatures.",neutral
"The meeting is scheduled for three o'clock tomorrow.",neutral
"She works as an engineer at a technology company.",neutral
"The population of the city is approximately two million.",neutral
"The train arrives at platform five at noon.",neutral
"The document was submitted on Monday morning.",neutral
"He is currently enrolled in a computer science course.",neutral
"The store opens at nine and closes at six.",neutral
"The report contains data from the last fiscal year.",neutral
"She traveled to the conference by bus.",neutral
"The package was delivered on Tuesday.",neutral
"The library has over fifty thousand books in its collection.",neutral
"The temperature outside is twenty degrees Celsius.",neutral
"He attended the annual meeting last Thursday.",neutral
"The software update was released this morning.",neutral
"The factory produces five hundred units per day.",neutral
"The office is located on the third floor.",neutral
"The project deadline is the end of this month.",neutral
"She completed the survey and submitted it online.",neutral
"The committee reviewed the proposal last week.",neutral
"The bus route number twelve runs every fifteen minutes.",neutral
"He moved to a different department last quarter.",neutral
"The sample size for the study is three hundred participants.",neutral
"She responded to the email within two hours.",neutral
"The annual report covers the period from January to December.",neutral
"The product was launched in four regional markets.",neutral
"The building has twenty floors and two basements.",neutral
"He holds a degree in mechanical engineering.",neutral
"The conference will be held at the city convention center.",neutral
"The dataset contains records from the past ten years.",neutral
"She has been working at the organization for six years.",neutral
"The new feature was added in the latest version.",neutral
"The quarterly results will be announced on Friday.",neutral
"He gave a brief overview of the agenda for the day.",neutral
"The system logs are reviewed every Monday.",neutral
"She forwarded the document to the relevant department.",neutral
"The bridge connects the two parts of the city.",neutral
"The experiment results matched the predicted values.",neutral
"He attended school in a different city for three years.",neutral
"The machine runs on standard electrical voltage.",neutral
"The cricket match between India and Australia was thrilling.",positive
"Despite the rain, she kept running and finished the race.",positive
"The scientist made a breakthrough discovery in cancer research.",positive
"He volunteered every weekend at the local food bank.",positive
"The children's laughter filled the room with warmth.",positive
"She overcame every obstacle and became a champion.",positive
"The documentary revealed fascinating facts about marine life.",positive
"He was awarded the best employee of the year.",positive
"The new bridge has transformed commuting for thousands.",positive
"She wrote a heartfelt letter that moved everyone to tears.",positive
"The village rebuilt itself stronger after the natural disaster.",positive
"The robot successfully completed the complex surgical procedure.",positive
"He learned three new languages in just two years.",positive
"The charity raised over a million dollars for education.",positive
"She designed a solar-powered home that saves energy efficiently.",positive
"The game was incredibly exciting and ended in a last-minute goal.",negative
"The earthquake caused massive destruction across the region.",negative
"He lost everything in the financial collapse.",negative
"She was unfairly dismissed after fifteen years of service.",negative
"The pollution in the river has killed all the fish.",negative
"The scandal ruined the reputation of the entire organization.",negative
"He was deeply hurt by the betrayal of his closest friend.",negative
"The hurricane caused billions of dollars in damage.",negative
"She struggled alone with no support from anyone.",negative
"The corruption in the system went unchecked for decades.",negative
"The accident left him permanently unable to walk.",negative
"They were denied access to clean water for weeks.",negative
"The flooding destroyed hundreds of homes overnight.",negative
"She was falsely accused and imprisoned for three years.",negative
"The toxic waste contaminated the groundwater supply.",negative
"The price of essential goods has risen by thirty percent this year.",neutral
"The government issued a statement regarding the new policy.",neutral
"She applied for the position and submitted all documents.",neutral
"The research paper was published in an academic journal.",neutral
"He transferred funds from one account to another.",neutral
"The highway is closed for maintenance until further notice.",neutral
"The election results will be announced after counting is complete.",neutral
"She registered for the online workshop scheduled next week.",neutral
"The hospital has expanded its emergency department.",neutral
"He reviewed the contract terms before signing.",neutral
"The survey was conducted among five hundred respondents.",neutral
"The new regulations take effect from the first of next month.",neutral
"She attended the training session and received a certificate.",neutral
"The satellite imagery shows cloud cover over the region.",neutral
"He submitted his resignation letter on Friday.",neutral
"The company has offices in twelve different countries.",neutral
"She noted the feedback and updated the document accordingly.",neutral
"The team met weekly to review progress and plan next steps.",neutral
"The flight was delayed by two hours due to weather conditions.",neutral
"He updated the software to the latest available version.",neutral
"The proposal was accepted and funding was approved.",positive
"They launched a new initiative to support mental health.",positive
"The community came together beautifully after the storm.",positive
"She inspired thousands with her courage and resilience.",positive
"The harvest this year was abundant and record-breaking.",positive
"He mentored dozens of young professionals throughout his career.",positive
"The new medicine showed excellent results in clinical trials.",positive
"She was reunited with her family after five long years.",positive
"The school's literacy program improved results by forty percent.",positive
"They built a shelter for homeless animals in the city.",positive
"He was the first in his family to earn a university degree.",positive
"The team's morale was high after the successful launch.",positive
"She won the international award for environmental activism.",positive
"The orchestra performed the symphony flawlessly.",positive
"He turned his small idea into a thriving business.",positive
"The factory dumped toxic chemicals into the river illegally.",negative
"She was ignored and mistreated for years in the workplace.",negative
"The corrupt official embezzled public funds for personal gain.",negative
"He was left stranded at the airport with no help.",negative
"The unsafe building collapsed, injuring many workers.",negative
"She was deceived by the company's misleading advertising.",negative
"The child suffered serious injuries due to neglect.",negative
"The data breach exposed the personal details of millions.",negative
"He was exploited and underpaid for his work.",negative
"The fire destroyed the historic library and all its archives.",negative
"She was publicly humiliated for speaking the truth.",negative
"The team was unfairly disqualified from the competition.",negative
"He spread harmful misinformation that caused widespread panic.",negative
"The project was abandoned leaving investors with nothing.",negative
"She was denied a promotion despite her exceptional performance.",negative
